Facility/HHS Code,Facility/HHS Desc,Last Month in QTR,Triage Category,Number of Attendances,Variation in the number of attendances (%),Patients Seen within clinically recommended times (%),Median Waiting time to treatment (minutes),Patients who did not wait for treatment (%),Patients admitted from the Emergency Department (%),Admissions to hospital within 4 hours (%),Patients whose ED stay was within 4 hours (%),Number of patients who left after treatment commenced,Percentage of patients who left after treatment commenced (%),Number of patients who did not wait for treatment,Median Wait Traffic Light
1,Mater Hospital Brisbane Public,Mar-23,1,75,19,100,0,0,84,43,44,0,0,0,1
1,Mater Hospital Brisbane Public,Mar-23,2,2186,14,57,9,0,52,41,48,46,2,6,1
1,Mater Hospital Brisbane Public,Mar-23,3,6364,18,57,26,2,44,34,43,287,5,117,3
1,Mater Hospital Brisbane Public,Mar-23,4,4312,11,75,32,6,22,46,64,260,6,242,3
1,Mater Hospital Brisbane Public,Mar-23,5,638,-20,95,29,11,7,70,85,51,8,68,3
1,Mater Hospital Brisbane Public,Mar-23,All,13575,12,65,24,3,37,38,52,644,5,433,3
4,The Prince Charles Hospital,Mar-23,1,140,37,100,0,0,84,54,55,0,0,0,1
4,The Prince Charles Hospital,Mar-23,2,4960,24,67,7,0,65,49,55,53,1,9,1
4,The Prince Charles Hospital,Mar-23,3,13192,11,53,28,3,45,45,56,309,2,342,3
4,The Prince Charles Hospital,Mar-23,4,9042,3,65,37,6,15,54,79,251,3,498,3
4,The Prince Charles Hospital,Mar-23,5,1237,-11,88,30,7,10,88,90,32,3,86,3
4,The Prince Charles Hospital,Mar-23,All,28571,9,61,24,3,38,48,64,645,2,935,3
11,Princess Alexandra Hospital,Mar-23,1,655,0,100,2,0,91,58,58,2,0,0,1
11,Princess Alexandra Hospital,Mar-23,2,4576,4,40,15,1,71,32,32,142,3,29,1
11,Princess Alexandra Hospital,Mar-23,3,7956,12,50,31,2,50,30,33,670,8,170,3
11,Princess Alexandra Hospital,Mar-23,4,3291,-2,77,31,4,24,23,38,392,12,120,3
11,Princess Alexandra Hospital,Mar-23,5,884,-36,98,29,6,16,55,60,116,13,56,3
11,Princess Alexandra Hospital,Mar-23,All,17362,2,56,25,2,50,32,36,1322,8,375,3
15,Ipswich Hospital,Mar-23,1,218,6,100,0,0,78,15,18,2,1,0,1
15,Ipswich Hospital,Mar-23,2,5127,17,39,13,0,56,32,38,335,7,22,1
15,Ipswich Hospital,Mar-23,3,9820,10,51,30,5,39,24,39,1020,10,453,3
15,Ipswich Hospital,Mar-23,4,4170,16,63,39,9,18,27,57,390,9,376,3
15,Ipswich Hospital,Mar-23,5,548,0,84,36,15,6,50,73,48,9,84,3
15,Ipswich Hospital,Mar-23,All,19883,12,52,24,5,39,27,43,1795,9,935,3
16,Redcliffe Hospital,Mar-23,1,88,-8,100,0,0,75,35,38,1,1,0,1
16,Redcliffe Hospital,Mar-23,2,2371,6,71,7,0,54,44,54,38,2,1,1
16,Redcliffe Hospital,Mar-23,3,8481,7,40,39,5,39,26,40,548,6,385,3
16,Redcliffe Hospital,Mar-23,4,5798,9,59,50,9,20,27,56,464,8,494,3
16,Redcliffe Hospital,Mar-23,5,868,-67,82,51,12,4,47,78,44,5,101,3
16,Redcliffe Hospital,Mar-23,All,17606,-4,53,36,6,33,30,49,1095,6,981,3
22,Queen Elizabeth II Jubilee Hospital,Mar-23,1,97,-38,100,1,0,74,21,32,3,3,0,1
22,Queen Elizabeth II Jubilee Hospital,Mar-23,2,3055,9,80,7,0,65,47,52,90,3,1,1
22,Queen Elizabeth II Jubilee Hospital,Mar-23,3,9060,10,64,19,1,42,31,40,1112,12,77,2
22,Queen Elizabeth II Jubilee Hospital,Mar-23,4,3535,-9,69,35,2,15,31,52,572,16,69,3
22,Queen Elizabeth II Jubilee Hospital,Mar-23,5,170,-32,79,45,5,5,56,69,35,21,9,3
22,Queen Elizabeth II Jubilee Hospital,Mar-23,All,15917,4,69,16,1,40,36,45,1812,11,156,1
28,Redland Hospital,Mar-23,1,173,15,100,0,0,67,17,27,5,3,0,1
28,Redland Hospital,Mar-23,2,2608,0,72,7,0,55,53,56,39,1,4,1
28,Redland Hospital,Mar-23,3,7552,2,68,16,2,34,43,54,219,3,160,1
28,Redland Hospital,Mar-23,4,4133,14,76,21,3,10,44,79,74,2,133,2
28,Redland Hospital,Mar-23,5,477,0,91,28,5,5,56,92,6,1,25,3
28,Redland Hospital,Mar-23,All,14943,5,72,13,2,31,45,62,343,2,322,1
29,Logan Hospital,Mar-23,1,350,36,100,0,0,77,34,39,6,2,0,1
29,Logan Hospital,Mar-23,2,7869,4,55,10,1,62,57,55,323,4,40,1
29,Logan Hospital,Mar-23,3,13171,11,61,22,2,45,49,52,1153,9,280,2
29,Logan Hospital,Mar-23,4,5035,5,76,25,5,18,47,62,557,11,238,3
29,Logan Hospital,Mar-23,5,664,-7,89,30,11,6,46,78,74,11,73,3
29,Logan Hospital,Mar-23,All,27089,8,63,17,2,44,52,55,2113,8,631,2
30,Caboolture Hospital,Mar-23,1,89,71,100,0,0,75,37,40,1,1,0,1
30,Caboolture Hospital,Mar-23,2,3241,-3,71,8,0,54,25,39,209,6,10,1
30,Caboolture Hospital,Mar-23,3,9163,5,59,24,2,40,20,42,1226,13,204,3
30,Caboolture Hospital,Mar-23,4,3754,13,80,27,3,17,27,67,563,15,129,3
30,Caboolture Hospital,Mar-23,5,258,-18,95,24,6,7,56,84,53,21,15,3
30,Caboolture Hospital,Mar-23,All,16505,5,67,20,2,37,22,48,2052,12,358,2
32,Sunshine Coast University Hospital,Mar-23,1,238,12,100,0,0,77,45,45,2,1,0,1
32,Sunshine Coast University Hospital,Mar-23,2,4971,6,70,8,0,58,37,44,74,1,8,1
32,Sunshine Coast University Hospital,Mar-23,3,10864,6,72,15,1,44,32,46,398,4,141,1
32,Sunshine Coast University Hospital,Mar-23,4,6243,3,75,26,4,18,34,66,378,6,236,3
32,Sunshine Coast University Hospital,Mar-23,5,622,-40,90,32,8,8,23,81,46,7,51,3
32,Sunshine Coast University Hospital,Mar-23,All,22938,3,73,14,2,39,34,52,898,4,436,1
41,Beaudesert Hospital,Mar-23,1,10,11,100,1,0,10,100,90,0,0,0,1
41,Beaudesert Hospital,Mar-23,2,457,9,77,6,0,10,20,68,6,1,2,1
41,Beaudesert Hospital,Mar-23,3,1250,17,90,9,3,7,27,76,39,3,33,1
41,Beaudesert Hospital,Mar-23,4,1814,-3,96,7,6,3,16,87,80,4,100,1
41,Beaudesert Hospital,Mar-23,5,404,3,97,5,5,1,100,94,4,1,22,1
41,Beaudesert Hospital,Mar-23,All,3935,5,92,7,4,5,25,82,129,3,157,1
42,Boonah Hospital,Mar-23,1,3,-40,100,0,0,0,,100,0,0,0,-
42,Boonah Hospital,Mar-23,2,111,9,95,0,1,13,79,78,0,0,1,1
42,Boonah Hospital,Mar-23,3,328,25,98,0,1,7,64,85,3,1,2,1
42,Boonah Hospital,Mar-23,4,367,-2,99,0,2,7,75,92,0,0,6,1
42,Boonah Hospital,Mar-23,5,140,1,97,0,2,2,67,94,0,0,3,1
42,Boonah Hospital,Mar-23,All,949,8,98,0,1,7,71,88,3,0,12,1
43,Caloundra Hospital,Mar-23,1,1,-,100,0,0,0,,100,0,0,0,-
43,Caloundra Hospital,Mar-23,2,149,303,87,6,0,0,,99,1,1,0,1
43,Caloundra Hospital,Mar-23,3,464,322,82,18,0,0,,99,4,1,1,2
43,Caloundra Hospital,Mar-23,4,3640,411,65,43,3,0,,99,11,0,111,3
43,Caloundra Hospital,Mar-23,5,1544,200,90,45,5,0,,99,6,0,73,3
43,Caloundra Hospital,Mar-23,All,5798,322,73,37,3,0,,99,22,0,185,3
44,Esk Hospital,Mar-23,1,2,-33,100,0,0,0,,100,0,0,0,-
44,Esk Hospital,Mar-23,2,120,1,95,0,0,31,89,73,4,3,0,1
44,Esk Hospital,Mar-23,3,200,-5,95,0,1,14,81,82,2,1,1,1
44,Esk Hospital,Mar-23,4,324,1,97,0,2,8,67,90,4,1,5,1
44,Esk Hospital,Mar-23,5,119,2,100,1,5,3,100,98,3,3,6,1
44,Esk Hospital,Mar-23,All,765,-1,97,0,2,12,81,86,13,2,12,1
45,Gatton Hospital,Mar-23,1,6,-14,100,0,0,0,,67,0,0,0,-
45,Gatton Hospital,Mar-23,2,246,-6,85,3,0,22,87,87,8,3,0,1
45,Gatton Hospital,Mar-23,3,741,4,90,5,1,9,71,92,8,1,9,1
45,Gatton Hospital,Mar-23,4,1134,19,96,7,3,3,76,97,6,1,38,1
45,Gatton Hospital,Mar-23,5,314,1,99,8,7,2,80,98,2,1,21,1
45,Gatton Hospital,Mar-23,All,2441,9,93,6,3,6,78,95,24,1,68,1
46,Kilcoy Hospital,Mar-23,1,6,-,83,0,0,0,,100,0,0,0,-
46,Kilcoy Hospital,Mar-23,2,58,-30,90,0,0,19,64,62,0,0,0,1
46,Kilcoy Hospital,Mar-23,3,173,7,86,0,1,13,77,83,4,2,1,1
46,Kilcoy Hospital,Mar-23,4,268,4,94,4,4,7,58,90,7,3,11,1
46,Kilcoy Hospital,Mar-23,5,256,-85,99,5,4,1,33,97,7,3,9,1
46,Kilcoy Hospital,Mar-23,All,761,-65,93,1,3,7,65,89,18,2,21,1
47,Laidley Hospital,Mar-23,1,23,283,100,0,0,0,,78,0,0,0,1
47,Laidley Hospital,Mar-23,2,311,-10,92,0,1,13,59,70,7,2,4,1
47,Laidley Hospital,Mar-23,3,552,9,94,0,2,7,73,84,14,3,12,1
47,Laidley Hospital,Mar-23,4,709,21,95,1,4,4,66,91,8,1,29,1
47,Laidley Hospital,Mar-23,5,342,17,97,1,7,4,92,94,1,0,23,1
47,Laidley Hospital,Mar-23,All,1937,11,94,0,4,6,69,86,30,2,68,1
48,Maleny Hospital,Mar-23,1,11,57,100,0,0,36,75,91,0,0,0,1
48,Maleny Hospital,Mar-23,2,124,19,92,0,0,26,91,81,0,0,0,1
48,Maleny Hospital,Mar-23,3,264,22,93,6,1,16,84,88,3,1,3,1
48,Maleny Hospital,Mar-23,4,479,34,94,13,1,9,88,96,2,0,6,1
48,Maleny Hospital,Mar-23,5,420,24,98,15,1,3,100,98,3,1,6,1
48,Maleny Hospital,Mar-23,All,1298,27,95,10,1,10,88,94,8,1,15,1
49,Nambour Hospital,Mar-23,1,43,23,100,0,0,53,48,37,0,0,0,1
49,Nambour Hospital,Mar-23,2,2130,-2,69,8,0,38,50,54,19,1,3,1
49,Nambour Hospital,Mar-23,3,6167,10,80,14,1,30,36,55,162,3,42,1
49,Nambour Hospital,Mar-23,4,5864,15,85,17,2,9,41,81,188,3,128,2
49,Nambour Hospital,Mar-23,5,1008,13,93,20,7,1,38,95,14,1,71,2
49,Nambour Hospital,Mar-23,All,15212,10,81,14,2,21,41,67,383,3,244,1
61,Biggenden Hospital,Mar-23,1,1,0,100,0,0,100,100,100,0,0,0,-
61,Biggenden Hospital,Mar-23,2,21,-13,100,0,0,81,100,100,0,0,0,1
61,Biggenden Hospital,Mar-23,3,67,6,98,0,0,45,100,97,2,3,0,1
61,Biggenden Hospital,Mar-23,4,198,15,99,0,1,11,95,98,1,1,1,1
61,Biggenden Hospital,Mar-23,5,108,32,100,0,0,4,100,100,0,0,0,1
61,Biggenden Hospital,Mar-23,All,395,15,99,0,0,18,99,99,3,1,1,1
62,Bundaberg Hospital,Mar-23,1,33,-21,100,0,0,67,18,18,0,0,0,1
62,Bundaberg Hospital,Mar-23,2,2036,39,39,15,1,48,29,37,81,4,30,1
62,Bundaberg Hospital,Mar-23,3,5716,8,46,35,5,32,19,39,403,7,300,3
62,Bundaberg Hospital,Mar-23,4,3810,-1,53,56,13,9,27,63,212,6,507,3
62,Bundaberg Hospital,Mar-23,5,270,-50,81,44,19,2,17,77,15,6,52,3
62,Bundaberg Hospital,Mar-23,All,11865,6,47,35,7,27,23,47,711,6,889,3
63,Cherbourg Hospital,Mar-23,1,3,-40,100,0,0,0,,100,0,0,0,-
63,Cherbourg Hospital,Mar-23,2,82,74,79,2,0,28,74,76,2,2,0,1
63,Cherbourg Hospital,Mar-23,3,275,41,78,9,4,22,75,81,3,1,12,1
63,Cherbourg Hospital,Mar-23,4,675,46,81,18,13,8,66,90,5,1,87,2
63,Cherbourg Hospital,Mar-23,5,607,-12,95,16,14,1,86,93,0,0,86,1
63,Cherbourg Hospital,Mar-23,All,1642,17,85,14,11,9,72,89,10,1,185,1
64,Childers Hospital,Mar-23,1,3,200,100,0,0,0,,67,0,0,0,-
64,Childers Hospital,Mar-23,2,90,157,91,0,0,57,100,90,2,2,0,1
64,Childers Hospital,Mar-23,3,293,94,92,0,2,26,94,95,5,2,5,1
64,Childers Hospital,Mar-23,4,369,-5,94,0,3,9,89,96,1,0,12,1
64,Childers Hospital,Mar-23,5,149,-35,98,0,6,5,86,94,1,1,9,1
64,Childers Hospital,Mar-23,All,904,12,94,0,3,19,94,94,9,1,26,1
65,Eidsvold Hospital,Mar-23,1,0,-,,0,,,,,0,,0,-
65,Eidsvold Hospital,Mar-23,2,17,55,94,0,0,88,100,100,0,0,0,1
65,Eidsvold Hospital,Mar-23,3,32,52,100,0,3,38,100,100,0,0,1,1
65,Eidsvold Hospital,Mar-23,4,78,77,99,0,1,26,100,100,0,0,1,1
65,Eidsvold Hospital,Mar-23,5,34,6,100,0,0,3,100,100,1,3,0,1
65,Eidsvold Hospital,Mar-23,All,161,49,99,0,1,30,100,100,1,1,2,1
66,Gayndah Hospital,Mar-23,1,5,-,100,0,0,80,100,100,0,0,0,-
66,Gayndah Hospital,Mar-23,2,32,52,97,0,0,53,100,100,0,0,0,1
66,Gayndah Hospital,Mar-23,3,116,21,98,0,0,34,100,97,0,0,0,1
66,Gayndah Hospital,Mar-23,4,213,44,100,0,0,15,100,99,1,0,0,1
66,Gayndah Hospital,Mar-23,5,130,69,100,0,2,8,91,97,1,1,2,1
66,Gayndah Hospital,Mar-23,All,496,45,99,0,0,21,99,98,2,0,2,1
67,Gin Gin Hospital,Mar-23,1,6,500,83,0,0,83,100,100,0,0,0,-
67,Gin Gin Hospital,Mar-23,2,23,15,87,0,0,52,100,100,0,0,0,1
67,Gin Gin Hospital,Mar-23,3,138,38,96,5,1,23,100,100,3,2,1,1
67,Gin Gin Hospital,Mar-23,4,289,-12,96,5,1,10,100,99,1,0,3,1
67,Gin Gin Hospital,Mar-23,5,372,40,98,14,3,5,94,99,1,0,13,1
67,Gin Gin Hospital,Mar-23,All,828,16,96,5,2,12,99,99,5,1,17,1
68,Gympie Hospital,Mar-23,1,26,-10,100,0,0,31,38,42,0,0,0,1
68,Gympie Hospital,Mar-23,2,1138,7,75,6,0,48,48,55,9,1,3,1
68,Gympie Hospital,Mar-23,3,3250,3,59,24,2,27,35,62,78,2,64,3
68,Gympie Hospital,Mar-23,4,3306,9,77,26,4,7,39,82,106,3,146,3
68,Gympie Hospital,Mar-23,5,457,3,95,19,4,2,67,93,10,2,19,2
68,Gympie Hospital,Mar-23,All,8177,6,70,20,3,21,40,71,203,2,232,2
69,Hervey Bay Hospital,Mar-23,1,59,-8,100,0,0,64,34,32,2,3,0,1
69,Hervey Bay Hospital,Mar-23,2,1453,9,87,4,0,54,37,41,42,3,0,1
69,Hervey Bay Hospital,Mar-23,3,4370,10,56,26,4,39,30,46,154,4,156,3
69,Hervey Bay Hospital,Mar-23,4,4341,-2,68,31,8,18,32,66,167,4,336,3
69,Hervey Bay Hospital,Mar-23,5,474,-34,89,21,9,6,43,84,15,3,44,2
69,Hervey Bay Hospital,Mar-23,All,10697,2,67,20,5,31,32,55,380,4,536,2
70,Kingaroy Hospital,Mar-23,1,57,39,100,0,0,28,38,42,2,4,0,1
70,Kingaroy Hospital,Mar-23,2,596,16,62,8,1,33,37,46,15,3,3,1
70,Kingaroy Hospital,Mar-23,3,1732,13,65,21,2,21,34,62,23,1,36,2
70,Kingaroy Hospital,Mar-23,4,2182,21,72,31,6,7,42,85,16,1,131,3
70,Kingaroy Hospital,Mar-23,5,1281,42,92,31,6,2,70,94,1,0,81,3
70,Kingaroy Hospital,Mar-23,All,5848,22,73,24,4,13,38,76,57,1,251,3
71,Maryborough Hospital,Mar-23,1,29,-6,100,0,0,7,0,62,1,3,0,1
71,Maryborough Hospital,Mar-23,2,902,10,84,6,0,6,21,39,19,2,0,1
71,Maryborough Hospital,Mar-23,3,2221,5,53,29,2,6,24,51,90,4,46,3
71,Maryborough Hospital,Mar-23,4,2706,3,57,49,7,2,25,76,104,4,185,3
71,Maryborough Hospital,Mar-23,5,318,-15,86,34,11,1,75,86,11,3,35,3
71,Maryborough Hospital,Mar-23,All,6176,4,61,27,4,4,24,62,225,4,266,3
72,Monto Hospital,Mar-23,1,2,100,100,0,0,100,100,100,0,0,0,-
72,Monto Hospital,Mar-23,2,27,-27,89,0,0,85,100,100,0,0,0,1
72,Monto Hospital,Mar-23,3,58,-15,100,0,0,48,100,100,2,3,0,1
72,Monto Hospital,Mar-23,4,182,34,100,0,2,22,100,100,2,1,4,1
72,Monto Hospital,Mar-23,5,52,-7,100,0,4,4,100,100,0,0,2,1
72,Monto Hospital,Mar-23,All,321,8,99,0,2,30,100,100,4,1,6,1
74,Mundubbera Hospital,Mar-23,1,1,-,100,0,0,0,,100,0,0,0,-
74,Mundubbera Hospital,Mar-23,2,13,-35,100,0,0,85,100,100,0,0,0,1
74,Mundubbera Hospital,Mar-23,3,40,-25,100,0,0,45,100,100,0,0,0,1
74,Mundubbera Hospital,Mar-23,4,101,-14,100,0,1,10,100,100,1,1,1,1
74,Mundubbera Hospital,Mar-23,5,25,-11,100,0,0,0,,100,0,0,0,1
74,Mundubbera Hospital,Mar-23,All,180,-18,100,0,1,22,100,100,1,1,1,1
75,Murgon Hospital,Mar-23,1,2,-50,100,0,0,0,,50,0,0,0,-
75,Murgon Hospital,Mar-23,2,77,-13,91,0,0,44,97,96,0,0,0,1
75,Murgon Hospital,Mar-23,3,240,27,87,5,2,31,93,93,3,1,4,1
75,Murgon Hospital,Mar-23,4,589,7,94,10,5,8,92,97,0,0,30,1
75,Murgon Hospital,Mar-23,5,246,-30,98,10,12,6,100,98,0,0,29,1
75,Murgon Hospital,Mar-23,All,1154,-2,93,5,5,15,94,96,3,0,63,1
76,Nanango Hospital,Mar-23,1,2,100,100,0,0,0,,100,0,0,0,-
76,Nanango Hospital,Mar-23,2,35,-50,97,1,3,23,75,80,0,0,1,1
76,Nanango Hospital,Mar-23,3,85,-8,100,1,0,15,92,91,1,1,0,1
76,Nanango Hospital,Mar-23,4,262,-25,99,4,3,5,83,94,1,0,9,1
76,Nanango Hospital,Mar-23,5,574,8,100,5,3,2,90,98,2,0,15,1
76,Nanango Hospital,Mar-23,All,958,-8,100,4,3,4,86,95,4,0,25,1
91,Chinchilla Hospital,Mar-23,1,1,-75,100,0,0,100,100,100,0,0,0,-
91,Chinchilla Hospital,Mar-23,2,95,-17,91,1,0,53,96,92,1,1,0,1
91,Chinchilla Hospital,Mar-23,3,339,-12,95,1,1,34,92,94,0,0,5,1
91,Chinchilla Hospital,Mar-23,4,881,18,98,1,1,10,94,98,2,0,10,1
91,Chinchilla Hospital,Mar-23,5,881,24,100,1,2,1,86,99,2,0,17,1
91,Chinchilla Hospital,Mar-23,All,2197,12,98,1,1,12,93,97,5,0,32,1
92,Dalby Hospital,Mar-23,1,6,-25,100,0,0,50,67,50,0,0,0,-
92,Dalby Hospital,Mar-23,2,361,8,56,9,0,51,89,80,4,1,1,1
92,Dalby Hospital,Mar-23,3,1003,4,55,26,2,30,84,84,9,1,19,3
92,Dalby Hospital,Mar-23,4,1694,25,60,47,6,10,84,90,3,0,108,3
92,Dalby Hospital,Mar-23,5,577,3,84,33,10,2,92,92,2,0,58,3
92,Dalby Hospital,Mar-23,All,3641,13,61,32,5,18,85,88,18,0,186,3
93,Goondiwindi Hospital,Mar-23,1,7,17,100,0,0,43,100,86,0,0,0,-
93,Goondiwindi Hospital,Mar-23,2,156,27,92,0,1,52,80,86,2,1,1,1
93,Goondiwindi Hospital,Mar-23,3,586,32,92,1,2,29,76,87,4,1,12,1
93,Goondiwindi Hospital,Mar-23,4,1121,42,95,1,5,8,83,95,5,0,53,1
93,Goondiwindi Hospital,Mar-23,5,644,32,99,1,6,2,87,99,1,0,36,1
93,Goondiwindi Hospital,Mar-23,All,2514,36,95,1,4,14,79,93,12,0,102,1
95,Jandowae Hospital,Mar-23,1,0,-100,,0,,,,,0,,0,-
95,Jandowae Hospital,Mar-23,2,30,58,93,0,0,17,100,90,0,0,0,1
95,Jandowae Hospital,Mar-23,3,83,20,98,0,0,29,100,99,0,0,0,1
95,Jandowae Hospital,Mar-23,4,103,-63,98,0,1,12,100,99,0,0,1,1
95,Jandowae Hospital,Mar-23,5,137,-24,100,0,1,6,100,100,0,0,1,1
95,Jandowae Hospital,Mar-23,All,353,-35,98,0,1,14,100,99,0,0,2,1
97,Miles Hospital,Mar-23,1,4,100,100,0,0,25,100,100,0,0,0,-
97,Miles Hospital,Mar-23,2,37,-10,89,0,0,62,100,100,1,3,0,1
97,Miles Hospital,Mar-23,3,130,-6,93,2,1,40,96,97,3,2,1,1
97,Miles Hospital,Mar-23,4,228,-5,95,5,1,13,93,96,4,2,2,1
97,Miles Hospital,Mar-23,5,553,15,98,10,1,5,100,99,0,0,8,1
97,Miles Hospital,Mar-23,All,952,6,96,5,1,14,97,98,8,1,11,1
98,Millmerran Hospital,Mar-23,1,2,100,100,0,0,0,,0,0,0,0,-
98,Millmerran Hospital,Mar-23,2,64,56,81,1,0,44,93,86,0,0,0,1
98,Millmerran Hospital,Mar-23,3,140,41,93,2,0,25,83,84,2,1,0,1
98,Millmerran Hospital,Mar-23,4,230,0,94,5,2,4,100,97,3,1,5,1
98,Millmerran Hospital,Mar-23,5,184,-25,98,5,2,2,100,99,0,0,4,1
98,Millmerran Hospital,Mar-23,All,620,1,93,5,1,12,89,93,5,1,9,1
99,Oakey Hospital,Mar-23,1,0,-100,,0,,,,,0,,0,-
99,Oakey Hospital,Mar-23,2,22,-19,86,0,0,18,75,86,0,0,0,1
99,Oakey Hospital,Mar-23,3,181,22,96,0,1,15,100,90,2,1,1,1
99,Oakey Hospital,Mar-23,4,361,67,96,5,2,4,88,96,0,0,6,1
99,Oakey Hospital,Mar-23,5,131,4,97,5,2,1,100,99,0,0,3,1
99,Oakey Hospital,Mar-23,All,695,34,96,4,1,7,94,95,2,0,10,1
100,Stanthorpe Hospital,Mar-23,1,0,-100,,0,,,,,0,,0,-
100,Stanthorpe Hospital,Mar-23,2,260,-9,88,2,1,39,80,83,2,1,2,1
100,Stanthorpe Hospital,Mar-23,3,614,12,90,4,2,26,82,88,7,1,10,1
100,Stanthorpe Hospital,Mar-23,4,751,12,93,4,3,5,83,94,1,0,24,1
100,Stanthorpe Hospital,Mar-23,5,492,-15,99,2,3,2,70,97,0,0,13,1
100,Stanthorpe Hospital,Mar-23,All,2117,1,93,3,2,15,81,91,10,0,49,1
101,Tara Hospital,Mar-23,1,2,0,100,0,0,50,100,100,0,0,0,-
101,Tara Hospital,Mar-23,2,71,69,96,0,0,44,94,89,1,1,0,1
101,Tara Hospital,Mar-23,3,235,46,97,0,1,20,96,96,1,0,2,1
101,Tara Hospital,Mar-23,4,359,39,99,0,1,6,91,97,3,1,2,1
101,Tara Hospital,Mar-23,5,459,-13,100,1,1,1,100,99,0,0,3,1
101,Tara Hospital,Mar-23,All,1126,14,98,0,1,9,94,97,5,0,7,1
102,Taroom Hospital,Mar-23,1,3,-,100,0,0,0,,100,0,0,0,-
102,Taroom Hospital,Mar-23,2,15,-6,100,0,0,33,100,100,0,0,0,1
102,Taroom Hospital,Mar-23,3,41,5,97,0,0,37,87,85,0,0,0,1
102,Taroom Hospital,Mar-23,4,125,105,100,0,1,16,100,97,0,0,1,1
102,Taroom Hospital,Mar-23,5,372,-5,100,0,0,1,100,100,0,0,0,1
102,Taroom Hospital,Mar-23,All,556,9,100,0,0,8,95,98,0,0,1,1
103,Texas Hospital,Mar-23,1,2,100,100,0,0,0,,100,0,0,0,-
103,Texas Hospital,Mar-23,2,17,-29,94,0,0,18,67,47,0,0,0,1
103,Texas Hospital,Mar-23,3,44,10,93,1,0,25,73,84,0,0,0,1
103,Texas Hospital,Mar-23,4,72,-21,100,0,0,3,100,94,0,0,0,1
103,Texas Hospital,Mar-23,5,190,8,100,5,0,1,50,98,0,0,0,1
103,Texas Hospital,Mar-23,All,325,-2,98,0,0,6,72,93,0,0,0,1
104,Toowoomba Hospital,Mar-23,1,146,18,100,0,0,68,27,30,0,0,0,1
104,Toowoomba Hospital,Mar-23,2,3386,20,72,7,0,68,53,57,40,1,6,1
104,Toowoomba Hospital,Mar-23,3,8913,6,58,25,3,48,51,55,722,8,270,3
104,Toowoomba Hospital,Mar-23,4,3659,19,71,30,6,15,59,70,425,12,212,3
104,Toowoomba Hospital,Mar-23,5,390,29,86,30,11,7,52,79,35,9,43,3
104,Toowoomba Hospital,Mar-23,All,16494,12,65,19,3,44,52,59,1222,7,531,2
105,Warwick Hospital,Mar-23,1,11,-35,100,0,0,64,57,55,0,0,0,1
105,Warwick Hospital,Mar-23,2,596,12,46,11,0,54,67,66,6,1,1,1
105,Warwick Hospital,Mar-23,3,1838,20,59,24,2,30,61,76,11,1,28,3
105,Warwick Hospital,Mar-23,4,2194,27,73,31,6,7,64,91,7,0,124,3
105,Warwick Hospital,Mar-23,5,674,-14,94,28,6,2,63,96,0,0,43,3
105,Warwick Hospital,Mar-23,All,5313,16,67,25,4,20,63,84,24,0,196,3
106,Wandoan Hospital,Mar-23,1,0,-,,0,,,,,0,,0,-
106,Wandoan Hospital,Mar-23,2,4,-,75,0,0,0,,100,0,0,0,-
106,Wandoan Hospital,Mar-23,3,0,-100,,0,,,,,0,,0,-
106,Wandoan Hospital,Mar-23,4,32,68,100,0,0,0,,100,0,0,0,1
106,Wandoan Hospital,Mar-23,5,226,64,99,0,0,0,,99,0,0,0,1
106,Wandoan Hospital,Mar-23,All,262,65,99,0,0,0,,99,0,0,0,1
112,Charleville Hospital,Mar-23,1,0,-100,,0,,,,,0,,0,-
112,Charleville Hospital,Mar-23,2,97,-24,100,0,2,51,94,90,1,1,2,1
112,Charleville Hospital,Mar-23,3,308,-8,100,0,1,24,78,89,2,1,2,1
112,Charleville Hospital,Mar-23,4,564,16,100,0,4,9,88,95,2,0,20,1
112,Charleville Hospital,Mar-23,5,209,-35,100,0,2,7,86,98,0,0,4,1
112,Charleville Hospital,Mar-23,All,1178,-8,100,0,2,16,85,93,5,0,28,1
113,Cunnamulla Hospital,Mar-23,1,2,-83,100,0,0,0,,50,1,50,0,-
113,Cunnamulla Hospital,Mar-23,2,54,260,100,0,0,54,97,93,0,0,0,1
113,Cunnamulla Hospital,Mar-23,3,94,65,98,0,2,27,88,90,3,3,2,1
113,Cunnamulla Hospital,Mar-23,4,221,80,99,0,1,9,100,98,4,2,3,1
113,Cunnamulla Hospital,Mar-23,5,105,-75,100,0,1,4,100,99,0,0,1,1
113,Cunnamulla Hospital,Mar-23,All,476,-25,99,0,1,16,95,96,8,2,6,1
114,Dirranbandi Hospital,Mar-23,1,0,-,,0,,,,,0,,0,-
114,Dirranbandi Hospital,Mar-23,2,23,92,100,0,0,22,100,78,1,4,0,1
114,Dirranbandi Hospital,Mar-23,3,47,-18,100,0,0,40,89,89,1,2,0,1
114,Dirranbandi Hospital,Mar-23,4,143,101,99,0,2,8,100,97,0,0,3,1
114,Dirranbandi Hospital,Mar-23,5,42,-66,100,0,10,2,100,100,0,0,4,1
114,Dirranbandi Hospital,Mar-23,All,255,-3,100,0,3,14,94,94,2,1,7,1
116,Mitchell Hospital,Mar-23,1,1,-,100,0,0,0,,100,0,0,0,-
116,Mitchell Hospital,Mar-23,2,19,12,100,0,0,63,100,100,0,0,0,1
116,Mitchell Hospital,Mar-23,3,22,-29,100,0,5,36,100,100,0,0,1,1
116,Mitchell Hospital,Mar-23,4,84,-12,100,0,1,14,100,98,4,5,1,1
116,Mitchell Hospital,Mar-23,5,83,-27,100,0,0,2,100,100,0,0,0,1
116,Mitchell Hospital,Mar-23,All,209,-19,100,0,1,16,100,99,4,2,2,1
117,Mungindi Hospital,Mar-23,1,1,-,100,0,0,100,100,100,0,0,0,-
117,Mungindi Hospital,Mar-23,2,7,600,100,0,0,29,100,71,0,0,0,-
117,Mungindi Hospital,Mar-23,3,30,0,93,0,0,20,100,90,0,0,0,1
117,Mungindi Hospital,Mar-23,4,107,67,100,0,0,5,80,91,1,1,0,1
117,Mungindi Hospital,Mar-23,5,40,-67,100,0,0,0,,98,0,0,0,1
117,Mungindi Hospital,Mar-23,All,185,-14,99,0,0,8,93,91,1,1,0,1
118,Quilpie Hospital,Mar-23,1,1,-,100,0,0,100,100,100,0,0,0,-
118,Quilpie Hospital,Mar-23,2,17,55,100,0,0,65,91,94,0,0,0,1
118,Quilpie Hospital,Mar-23,3,34,3,100,0,0,26,100,94,0,0,0,1
118,Quilpie Hospital,Mar-23,4,57,-2,100,0,0,5,100,98,1,2,0,1
118,Quilpie Hospital,Mar-23,5,36,-92,100,0,0,0,,100,0,0,0,1
118,Quilpie Hospital,Mar-23,All,145,-74,100,0,0,17,96,97,1,1,0,1
119,Roma Hospital,Mar-23,1,8,60,100,0,0,38,100,63,1,13,0,-
119,Roma Hospital,Mar-23,2,256,-2,100,3,0,38,42,62,3,1,1,1
119,Roma Hospital,Mar-23,3,811,18,97,8,2,28,43,72,11,1,14,1
119,Roma Hospital,Mar-23,4,1223,21,95,15,7,7,54,86,6,0,83,1
119,Roma Hospital,Mar-23,5,389,14,99,18,8,5,55,92,3,1,30,2
119,Roma Hospital,Mar-23,All,2687,17,97,10,5,16,46,80,24,1,128,1
120,St George Hospital,Mar-23,1,1,-,100,0,0,100,100,100,0,0,0,-
120,St George Hospital,Mar-23,2,42,35,100,0,0,60,100,100,0,0,0,1
120,St George Hospital,Mar-23,3,223,29,100,0,1,25,100,98,1,0,2,1
120,St George Hospital,Mar-23,4,450,9,100,1,0,14,100,100,2,0,2,1
120,St George Hospital,Mar-23,5,608,-4,100,1,1,4,96,99,0,0,6,1
120,St George Hospital,Mar-23,All,1324,6,100,1,1,13,99,99,3,0,10,1
121,Surat Hospital,Mar-23,1,0,-,,0,,,,,0,,0,-
121,Surat Hospital,Mar-23,2,8,0,100,0,0,38,100,100,0,0,0,-
121,Surat Hospital,Mar-23,3,39,-7,100,0,0,28,91,92,1,3,0,1
121,Surat Hospital,Mar-23,4,66,6,100,0,0,17,82,94,2,3,0,1
121,Surat Hospital,Mar-23,5,59,-79,100,0,2,3,100,98,1,2,1,1
121,Surat Hospital,Mar-23,All,172,-56,100,0,1,16,89,95,4,2,1,1
133,Biloela Hospital,Mar-23,1,6,20,100,0,0,67,75,67,0,0,0,-
133,Biloela Hospital,Mar-23,2,127,13,75,3,1,38,83,79,5,4,1,1
133,Biloela Hospital,Mar-23,3,579,34,73,11,2,17,84,84,12,2,14,1
133,Biloela Hospital,Mar-23,4,865,33,84,16,4,7,77,92,9,1,37,1
133,Biloela Hospital,Mar-23,5,487,-1,93,21,6,4,83,97,2,0,28,2
133,Biloela Hospital,Mar-23,All,2064,22,81,14,4,11,82,90,28,1,80,1
134,Blackwater Hospital,Mar-23,1,2,0,100,0,0,0,,0,0,0,0,-
134,Blackwater Hospital,Mar-23,2,143,34,97,0,0,5,71,70,6,4,0,1
134,Blackwater Hospital,Mar-23,3,358,19,95,0,1,6,82,85,11,3,4,1
134,Blackwater Hospital,Mar-23,4,646,25,97,2,3,2,100,97,6,1,20,1
134,Blackwater Hospital,Mar-23,5,231,160,99,2,5,1,100,98,0,0,12,1
134,Blackwater Hospital,Mar-23,All,1380,36,97,1,3,3,85,91,23,2,36,1
135,Emerald Hospital,Mar-23,1,8,0,100,0,0,50,75,75,0,0,0,-
135,Emerald Hospital,Mar-23,2,431,10,79,5,0,53,84,80,1,0,1,1
135,Emerald Hospital,Mar-23,3,1300,10,63,21,2,26,75,83,15,1,28,2
135,Emerald Hospital,Mar-23,4,1843,20,60,40,9,5,61,83,40,2,166,3
135,Emerald Hospital,Mar-23,5,491,1,77,34,14,1,86,84,8,2,69,3
135,Emerald Hospital,Mar-23,All,4073,13,65,24,6,17,76,83,64,2,264,3
136,Gladstone Hospital,Mar-23,1,24,-23,100,0,0,67,56,54,1,4,0,1
136,Gladstone Hospital,Mar-23,2,1074,-8,79,4,0,47,51,57,36,3,1,1
136,Gladstone Hospital,Mar-23,3,3287,-3,80,13,2,26,34,60,150,5,68,1
136,Gladstone Hospital,Mar-23,4,4066,15,89,16,5,8,43,75,238,6,207,1
136,Gladstone Hospital,Mar-23,5,641,27,92,20,12,3,47,88,21,3,77,2
136,Gladstone Hospital,Mar-23,All,9092,5,85,13,4,19,41,69,446,5,353,1
139,Mount Morgan Hospital,Mar-23,1,3,-,100,0,0,0,,67,0,0,0,-
139,Mount Morgan Hospital,Mar-23,2,97,14,80,0,0,12,33,63,2,2,0,1
139,Mount Morgan Hospital,Mar-23,3,342,18,88,0,1,8,44,76,15,4,4,1
139,Mount Morgan Hospital,Mar-23,4,269,-10,94,1,2,1,33,90,1,0,6,1
139,Mount Morgan Hospital,Mar-23,5,40,-88,94,0,5,5,50,88,0,0,2,1
139,Mount Morgan Hospital,Mar-23,All,751,-26,89,0,2,6,41,80,18,2,12,1
140,Moura Hospital,Mar-23,1,0,-,,0,,,,,0,,0,-
140,Moura Hospital,Mar-23,2,43,0,100,0,0,42,100,84,0,0,0,1
140,Moura Hospital,Mar-23,3,94,-14,99,0,2,37,94,93,5,5,2,1
140,Moura Hospital,Mar-23,4,187,-6,100,0,3,4,100,97,6,3,5,1
140,Moura Hospital,Mar-23,5,266,-44,100,0,2,1,100,100,1,0,4,1
140,Moura Hospital,Mar-23,All,590,-29,100,0,2,11,97,97,12,2,11,1
141,Rockhampton Hospital,Mar-23,1,56,-2,100,0,0,71,30,41,1,2,0,1
141,Rockhampton Hospital,Mar-23,2,2076,2,64,7,0,44,26,41,94,5,6,1
141,Rockhampton Hospital,Mar-23,3,6231,13,44,40,5,29,21,46,349,6,318,3
141,Rockhampton Hospital,Mar-23,4,4594,3,56,50,9,11,24,64,239,5,429,3
141,Rockhampton Hospital,Mar-23,5,472,0,83,31,11,4,57,82,13,3,50,3
141,Rockhampton Hospital,Mar-23,All,13429,7,53,32,6,24,24,53,696,5,803,3
142,Springsure Hospital,Mar-23,1,0,-,,0,,,,,0,,0,-
142,Springsure Hospital,Mar-23,2,28,87,96,0,0,29,75,79,0,0,0,1
142,Springsure Hospital,Mar-23,3,79,-2,99,0,0,20,56,80,1,1,0,1
142,Springsure Hospital,Mar-23,4,139,30,99,0,0,4,80,99,0,0,0,1
142,Springsure Hospital,Mar-23,5,143,21,100,0,1,4,100,99,0,0,1,1
142,Springsure Hospital,Mar-23,All,389,21,99,0,0,9,71,94,1,0,1,1
144,Capricorn Coast Hospital,Mar-23,1,8,33,100,0,0,25,50,50,0,0,0,-
144,Capricorn Coast Hospital,Mar-23,2,408,-14,84,3,1,12,63,52,3,1,3,1
144,Capricorn Coast Hospital,Mar-23,3,1561,-1,62,22,6,7,36,68,26,2,92,2
144,Capricorn Coast Hospital,Mar-23,4,2066,8,75,23,10,2,40,85,24,1,213,3
144,Capricorn Coast Hospital,Mar-23,5,318,-10,95,14,11,0,,95,1,0,34,1
144,Capricorn Coast Hospital,Mar-23,All,4361,1,72,19,8,5,43,77,54,1,342,2
145,Woorabinda Hospital,Mar-23,1,3,200,100,0,0,0,,100,0,0,0,-
145,Woorabinda Hospital,Mar-23,2,86,231,94,0,0,8,100,78,3,3,0,1
145,Woorabinda Hospital,Mar-23,3,356,-11,98,0,1,6,91,88,18,5,2,1
145,Woorabinda Hospital,Mar-23,4,176,-1,96,0,3,2,100,95,5,3,5,1
145,Woorabinda Hospital,Mar-23,5,222,29,100,0,2,1,67,97,0,0,5,1
145,Woorabinda Hospital,Mar-23,All,843,8,98,0,1,4,92,91,26,3,12,1
152,Barcaldine Hospital,Mar-23,1,3,200,100,0,0,67,50,33,0,0,0,-
152,Barcaldine Hospital,Mar-23,2,48,-8,100,0,0,67,94,90,0,0,0,1
152,Barcaldine Hospital,Mar-23,3,128,20,100,0,2,32,98,94,0,0,2,1
152,Barcaldine Hospital,Mar-23,4,197,12,99,0,2,10,100,95,0,0,3,1
152,Barcaldine Hospital,Mar-23,5,137,90,99,0,1,4,100,100,0,0,2,1
152,Barcaldine Hospital,Mar-23,All,513,26,99,0,1,19,96,95,0,0,7,1
153,Blackall Hospital,Mar-23,1,2,-,100,0,0,100,100,100,0,0,0,-
153,Blackall Hospital,Mar-23,2,21,-28,100,0,0,48,100,100,1,5,0,1
153,Blackall Hospital,Mar-23,3,108,14,99,0,0,44,96,94,0,0,0,1
153,Blackall Hospital,Mar-23,4,148,-12,100,0,0,19,96,98,0,0,0,1
153,Blackall Hospital,Mar-23,5,84,-24,100,0,1,12,100,100,0,0,1,1
153,Blackall Hospital,Mar-23,All,363,-10,100,0,0,27,97,98,1,0,1,1
156,Longreach Hospital,Mar-23,1,2,100,100,0,0,100,100,100,0,0,0,-
156,Longreach Hospital,Mar-23,2,107,22,91,0,1,48,75,79,1,1,1,1
156,Longreach Hospital,Mar-23,3,260,18,95,4,0,27,86,89,4,2,1,1
156,Longreach Hospital,Mar-23,4,428,62,97,7,2,8,73,93,2,0,9,1
156,Longreach Hospital,Mar-23,5,363,-35,97,10,2,0,100,97,0,0,9,1
156,Longreach Hospital,Mar-23,All,1160,2,96,5,2,14,80,92,7,1,20,1
159,Winton Hospital,Mar-23,1,0,-100,,0,,,,,0,,0,-
159,Winton Hospital,Mar-23,2,11,-50,100,0,0,64,71,82,0,0,0,1
159,Winton Hospital,Mar-23,3,55,15,96,0,0,25,79,91,0,0,0,1
159,Winton Hospital,Mar-23,4,85,-27,100,0,0,8,86,99,0,0,0,1
159,Winton Hospital,Mar-23,5,59,28,100,3,0,2,100,98,0,0,0,1
159,Winton Hospital,Mar-23,All,210,-10,99,0,0,14,79,96,0,0,0,1
171,Clermont Hospital,Mar-23,1,3,200,100,0,0,33,100,33,0,0,0,-
171,Clermont Hospital,Mar-23,2,91,65,91,0,1,56,92,80,1,1,1,1
171,Clermont Hospital,Mar-23,3,240,61,97,0,0,31,92,93,2,1,1,1
171,Clermont Hospital,Mar-23,4,357,12,97,0,1,6,90,97,0,0,4,1
171,Clermont Hospital,Mar-23,5,264,-48,100,0,2,2,100,96,0,0,5,1
171,Clermont Hospital,Mar-23,All,955,-7,97,0,1,16,92,94,3,0,11,1
172,Mackay Base Hospital,Mar-23,1,72,18,100,0,0,71,55,53,4,6,0,1
172,Mackay Base Hospital,Mar-23,2,3288,23,98,8,0,54,25,40,108,3,3,1
172,Mackay Base Hospital,Mar-23,3,5984,8,87,15,2,37,24,50,532,9,137,1
172,Mackay Base Hospital,Mar-23,4,3333,2,92,24,4,12,31,75,257,8,121,3
172,Mackay Base Hospital,Mar-23,5,465,-46,100,27,8,4,42,88,39,8,35,3
172,Mackay Base Hospital,Mar-23,All,13142,6,92,11,2,34,26,55,940,7,296,1
173,Moranbah Hospital,Mar-23,1,1,0,100,0,0,0,,100,0,0,0,-
173,Moranbah Hospital,Mar-23,2,209,30,96,0,2,23,92,86,5,2,5,1
173,Moranbah Hospital,Mar-23,3,482,50,94,0,1,11,87,92,7,1,3,1
173,Moranbah Hospital,Mar-23,4,486,9,99,0,1,4,95,97,12,2,6,1
173,Moranbah Hospital,Mar-23,5,418,-74,99,5,4,0,100,99,2,0,15,1
173,Moranbah Hospital,Mar-23,All,1596,-38,97,0,2,8,90,95,26,2,29,1
174,Proserpine Hospital,Mar-23,1,21,-16,100,0,0,38,13,43,0,0,0,1
174,Proserpine Hospital,Mar-23,2,383,-15,90,4,0,34,37,59,0,0,0,1
174,Proserpine Hospital,Mar-23,3,1150,-3,90,10,1,23,40,70,15,1,9,1
174,Proserpine Hospital,Mar-23,4,1975,14,92,12,2,6,37,90,5,0,44,1
174,Proserpine Hospital,Mar-23,5,717,-82,99,13,4,1,57,97,2,0,27,1
174,Proserpine Hospital,Mar-23,All,4246,-43,93,10,2,12,38,83,22,1,80,1
175,Sarina Hospital,Mar-23,1,2,-67,100,0,0,0,,100,0,0,0,-
175,Sarina Hospital,Mar-23,2,93,8,85,0,0,30,89,94,0,0,0,1
175,Sarina Hospital,Mar-23,3,322,19,94,0,1,10,74,96,3,1,2,1
175,Sarina Hospital,Mar-23,4,573,4,97,5,0,4,83,98,0,0,2,1
175,Sarina Hospital,Mar-23,5,309,-71,99,5,2,1,100,99,0,0,6,1
175,Sarina Hospital,Mar-23,All,1299,-34,96,2,1,7,83,98,3,0,10,1
176,Dysart Hospital,Mar-23,1,0,-100,,0,,,,,0,,0,-
176,Dysart Hospital,Mar-23,2,59,90,92,0,0,53,90,81,3,5,0,1
176,Dysart Hospital,Mar-23,3,254,37,96,3,1,28,87,92,7,3,2,1
176,Dysart Hospital,Mar-23,4,278,28,99,4,1,6,94,97,5,2,3,1
176,Dysart Hospital,Mar-23,5,85,-80,99,7,4,4,100,95,1,1,3,1
176,Dysart Hospital,Mar-23,All,676,-22,97,3,1,18,89,94,16,2,8,1
191,Ayr Hospital,Mar-23,1,12,-8,100,0,0,42,60,75,0,0,0,1
191,Ayr Hospital,Mar-23,2,209,2,100,0,1,46,75,77,3,1,2,1
191,Ayr Hospital,Mar-23,3,905,15,96,0,1,28,76,86,4,0,8,1
191,Ayr Hospital,Mar-23,4,1502,6,98,0,1,5,73,96,2,0,21,1
191,Ayr Hospital,Mar-23,5,391,9,100,0,4,2,86,99,0,0,17,1
191,Ayr Hospital,Mar-23,All,3019,9,98,0,2,14,75,92,9,0,48,1
192,Bowen Hospital,Mar-23,1,7,-50,100,0,0,43,0,29,0,0,0,-
192,Bowen Hospital,Mar-23,2,213,-13,91,0,1,31,41,50,7,3,2,1
192,Bowen Hospital,Mar-23,3,878,9,91,0,2,17,34,69,8,1,21,1
192,Bowen Hospital,Mar-23,4,1563,14,93,1,6,4,33,90,9,1,87,1
192,Bowen Hospital,Mar-23,5,526,-47,95,0,8,1,25,95,0,0,43,1
192,Bowen Hospital,Mar-23,All,3187,-7,92,0,5,9,35,82,24,1,153,1
193,Charters Towers Hospital,Mar-23,1,13,160,100,0,0,8,100,92,0,0,0,1
193,Charters Towers Hospital,Mar-23,2,157,9,97,0,2,49,96,94,3,2,3,1
193,Charters Towers Hospital,Mar-23,3,439,5,95,5,1,31,97,94,10,2,4,1
193,Charters Towers Hospital,Mar-23,4,1106,25,97,5,3,8,97,98,3,0,36,1
193,Charters Towers Hospital,Mar-23,5,615,40,99,5,4,1,100,100,1,0,22,1
193,Charters Towers Hospital,Mar-23,All,2330,23,97,5,3,13,97,97,17,1,65,1
196,Ingham Hospital,Mar-23,1,5,67,100,0,0,40,50,80,0,0,0,-
196,Ingham Hospital,Mar-23,2,201,-9,97,0,0,52,85,88,0,0,0,1
196,Ingham Hospital,Mar-23,3,777,24,88,3,1,35,83,89,4,1,10,1
196,Ingham Hospital,Mar-23,4,761,5,91,5,3,20,76,91,5,1,23,1
196,Ingham Hospital,Mar-23,5,417,-7,97,3,5,15,84,95,0,0,22,1
196,Ingham Hospital,Mar-23,All,2161,7,91,3,3,28,82,91,9,0,55,1
197,Joyce Palmer Health Service,Mar-23,1,5,-29,100,0,0,60,100,100,0,0,0,-
197,Joyce Palmer Health Service,Mar-23,2,115,46,100,1,6,50,82,80,7,6,7,1
197,Joyce Palmer Health Service,Mar-23,3,463,18,100,2,4,27,85,86,13,3,17,1
197,Joyce Palmer Health Service,Mar-23,4,572,58,100,2,6,13,92,93,9,2,36,1
197,Joyce Palmer Health Service,Mar-23,5,480,9,100,2,9,3,93,99,1,0,44,1
197,Joyce Palmer Health Service,Mar-23,All,1635,28,100,2,6,17,87,92,30,2,104,1
200,Townsville University Hospital,Mar-23,1,184,-8,100,0,0,88,60,56,0,0,0,1
200,Townsville University Hospital,Mar-23,2,3276,6,78,5,0,49,37,50,129,4,2,1
200,Townsville University Hospital,Mar-23,3,12989,18,77,14,3,31,29,55,793,6,336,1
200,Townsville University Hospital,Mar-23,4,7205,-7,82,20,5,16,35,73,434,6,340,2
200,Townsville University Hospital,Mar-23,5,513,-13,96,21,8,5,56,92,28,5,39,2
200,Townsville University Hospital,Mar-23,All,24167,7,79,13,3,29,33,61,1384,6,717,1
201,Royal Brisbane & Women's Hospital,Mar-23,1,184,3,100,0,0,85,54,53,2,1,0,1
201,Royal Brisbane & Women's Hospital,Mar-23,2,4097,12,50,11,1,54,34,42,122,3,43,1
201,Royal Brisbane & Women's Hospital,Mar-23,3,8125,6,48,33,4,42,29,41,183,2,288,3
201,Royal Brisbane & Women's Hospital,Mar-23,4,7732,3,69,37,7,24,27,54,203,3,505,3
201,Royal Brisbane & Women's Hospital,Mar-23,5,2075,-72,90,34,12,8,31,73,59,3,251,3
201,Royal Brisbane & Women's Hospital,Mar-23,All,22213,-16,59,29,5,35,30,49,569,3,1087,3
202,Queensland Children's Hospital,Mar-23,1,84,24,100,1,0,81,54,56,0,0,0,1
202,Queensland Children's Hospital,Mar-23,2,2590,20,88,7,0,57,51,61,7,0,2,1
202,Queensland Children's Hospital,Mar-23,3,6163,15,75,13,1,32,36,60,61,1,89,1
202,Queensland Children's Hospital,Mar-23,4,8280,5,82,16,3,14,33,70,125,2,284,1
202,Queensland Children's Hospital,Mar-23,5,1627,14,94,22,5,6,57,84,21,1,76,2
202,Queensland Children's Hospital,Mar-23,All,18744,11,82,12,2,25,41,67,214,1,451,1
211,Atherton Hospital,Mar-23,1,35,106,100,0,0,49,53,54,0,0,0,1
211,Atherton Hospital,Mar-23,2,492,19,58,9,0,43,39,48,14,3,1,1
211,Atherton Hospital,Mar-23,3,1551,13,57,26,2,26,35,64,14,1,36,3
211,Atherton Hospital,Mar-23,4,2188,12,54,54,8,7,44,85,10,0,172,3
211,Atherton Hospital,Mar-23,5,827,-10,89,22,9,2,85,96,3,0,71,2
211,Atherton Hospital,Mar-23,All,5093,9,60,30,5,16,39,77,41,1,280,3
212,Babinda Hospital,Mar-23,1,3,-,100,0,0,0,,67,0,0,0,-
212,Babinda Hospital,Mar-23,2,56,60,100,0,0,32,100,91,1,2,0,1
212,Babinda Hospital,Mar-23,3,182,78,100,0,0,25,93,92,0,0,0,1
212,Babinda Hospital,Mar-23,4,240,-3,100,0,4,10,92,96,0,0,10,1
212,Babinda Hospital,Mar-23,5,278,-58,100,0,5,9,92,97,0,0,15,1
212,Babinda Hospital,Mar-23,All,759,-27,100,0,3,15,94,95,1,0,25,1
213,Bamaga Hospital,Mar-23,1,3,-25,100,0,0,100,100,100,0,0,0,-
213,Bamaga Hospital,Mar-23,2,81,7,89,3,1,59,98,93,0,0,1,1
213,Bamaga Hospital,Mar-23,3,181,11,91,12,0,25,96,97,0,0,0,1
213,Bamaga Hospital,Mar-23,4,588,74,92,22,2,5,97,97,1,0,13,2
213,Bamaga Hospital,Mar-23,5,352,-8,98,23,4,2,100,98,1,0,15,3
213,Bamaga Hospital,Mar-23,All,1205,25,93,19,2,11,97,97,2,0,29,2
214,Cairns Hospital,Mar-23,1,278,17,100,0,0,85,41,43,3,1,0,1
214,Cairns Hospital,Mar-23,2,3875,7,76,6,0,53,32,43,62,2,8,1
214,Cairns Hospital,Mar-23,3,9600,8,73,16,2,38,28,47,332,3,217,1
214,Cairns Hospital,Mar-23,4,7078,13,78,25,6,17,35,66,321,5,402,3
214,Cairns Hospital,Mar-23,5,1089,12,92,30,11,5,40,82,66,6,120,3
214,Cairns Hospital,Mar-23,All,21920,10,76,15,3,33,31,54,784,4,747,1
216,Cooktown Hospital,Mar-23,1,9,50,100,0,0,44,75,78,0,0,0,-
216,Cooktown Hospital,Mar-23,2,109,-19,96,0,1,64,93,89,2,2,1,1
216,Cooktown Hospital,Mar-23,3,412,29,93,7,1,37,93,95,2,0,5,1
216,Cooktown Hospital,Mar-23,4,754,-4,90,18,3,11,88,97,3,0,26,2
216,Cooktown Hospital,Mar-23,5,614,-2,98,15,3,2,87,98,2,0,17,1
216,Cooktown Hospital,Mar-23,All,1898,1,94,11,3,17,91,96,9,0,49,1
222,Innisfail Hospital,Mar-23,1,23,5,100,0,0,70,56,52,0,0,0,1
222,Innisfail Hospital,Mar-23,2,408,28,59,8,0,56,61,72,7,2,0,1
222,Innisfail Hospital,Mar-23,3,1114,2,62,22,2,37,66,80,11,1,25,2
222,Innisfail Hospital,Mar-23,4,1765,4,63,40,6,12,60,85,32,2,108,3
222,Innisfail Hospital,Mar-23,5,957,-24,81,39,9,10,69,88,11,1,86,3
222,Innisfail Hospital,Mar-23,All,4267,-3,66,27,5,23,64,83,61,1,219,3
223,Mareeba Hospital,Mar-23,1,86,65,99,0,0,31,44,57,0,0,0,1
223,Mareeba Hospital,Mar-23,2,558,7,71,7,0,37,52,66,7,1,1,1
223,Mareeba Hospital,Mar-23,3,1481,4,69,20,1,19,50,80,17,1,10,2
223,Mareeba Hospital,Mar-23,4,2367,30,71,35,4,4,47,92,35,1,86,3
223,Mareeba Hospital,Mar-23,5,1639,16,89,35,7,0,0,96,31,2,110,3
223,Mareeba Hospital,Mar-23,All,6131,17,75,24,3,10,50,87,90,1,207,3
224,Mossman Hospital,Mar-23,1,20,33,95,0,0,40,13,60,1,5,0,1
224,Mossman Hospital,Mar-23,2,385,-2,65,8,1,41,21,48,8,2,3,1
224,Mossman Hospital,Mar-23,3,809,-8,59,26,3,26,28,66,10,1,22,3
224,Mossman Hospital,Mar-23,4,1304,2,61,46,6,9,36,83,5,0,79,3
224,Mossman Hospital,Mar-23,5,1044,17,83,37,7,4,72,92,1,0,71,3
224,Mossman Hospital,Mar-23,All,3562,3,65,29,5,15,31,78,25,1,175,3
226,Thursday Island Hospital,Mar-23,1,5,67,100,0,0,60,100,80,0,0,0,-
226,Thursday Island Hospital,Mar-23,2,112,40,100,1,0,44,76,75,2,2,0,1
226,Thursday Island Hospital,Mar-23,3,271,34,98,5,0,23,71,85,2,1,1,1
226,Thursday Island Hospital,Mar-23,4,476,38,98,12,3,8,58,93,2,0,14,1
226,Thursday Island Hospital,Mar-23,5,403,-12,99,11,5,2,67,97,1,0,19,1
226,Thursday Island Hospital,Mar-23,All,1267,16,98,7,3,13,70,91,7,1,34,1
227,Tully Hospital,Mar-23,1,21,163,100,0,0,14,0,62,2,10,0,1
227,Tully Hospital,Mar-23,2,203,6,81,0,0,26,51,61,4,2,1,1
227,Tully Hospital,Mar-23,3,652,18,81,0,2,16,50,75,16,2,11,1
227,Tully Hospital,Mar-23,4,1299,21,79,10,5,4,55,90,9,1,71,1
227,Tully Hospital,Mar-23,5,399,35,86,30,10,1,50,93,4,1,40,3
227,Tully Hospital,Mar-23,All,2574,21,81,4,5,8,51,84,35,1,123,1
228,Weipa Hospital,Mar-23,1,7,133,100,0,0,100,100,100,0,0,0,-
228,Weipa Hospital,Mar-23,2,123,17,90,1,0,57,87,85,2,2,0,1
228,Weipa Hospital,Mar-23,3,402,18,85,9,2,31,85,88,2,0,7,1
228,Weipa Hospital,Mar-23,4,845,10,78,23,5,8,84,93,8,1,42,3
228,Weipa Hospital,Mar-23,5,643,-6,93,28,7,3,78,95,0,0,48,3
228,Weipa Hospital,Mar-23,All,2020,6,84,16,5,14,85,92,12,1,97,1
243,Cloncurry Hospital,Mar-23,1,1,-,100,0,0,100,100,100,0,0,0,-
243,Cloncurry Hospital,Mar-23,2,96,-1,91,2,0,46,84,90,2,2,0,1
243,Cloncurry Hospital,Mar-23,3,278,25,91,8,1,24,91,91,1,0,4,1
243,Cloncurry Hospital,Mar-23,4,439,17,91,15,3,5,88,95,4,1,15,1
243,Cloncurry Hospital,Mar-23,5,348,-7,95,21,5,2,86,95,0,0,17,2
243,Cloncurry Hospital,Mar-23,All,1162,8,92,10,3,12,88,94,7,1,36,1
245,Julia Creek Hospital,Mar-23,1,1,-,100,0,0,0,,0,0,0,0,-
245,Julia Creek Hospital,Mar-23,2,10,-38,90,0,0,0,,50,1,10,0,1
245,Julia Creek Hospital,Mar-23,3,31,-18,97,1,0,6,0,68,0,0,0,1
245,Julia Creek Hospital,Mar-23,4,58,-19,100,1,0,0,,97,0,0,0,1
245,Julia Creek Hospital,Mar-23,5,234,36,100,1,0,0,,99,0,0,1,1
245,Julia Creek Hospital,Mar-23,All,334,12,99,1,0,1,0,94,1,0,1,1
246,Mount Isa Base Hospital,Mar-23,1,11,22,100,0,0,64,86,64,0,0,0,1
246,Mount Isa Base Hospital,Mar-23,2,707,-2,89,5,1,51,52,66,15,2,6,1
246,Mount Isa Base Hospital,Mar-23,3,2431,7,81,12,4,29,44,74,63,3,91,1
246,Mount Isa Base Hospital,Mar-23,4,3807,24,83,24,7,8,52,91,52,1,284,3
246,Mount Isa Base Hospital,Mar-23,5,1036,-23,99,18,8,3,67,98,15,1,82,2
246,Mount Isa Base Hospital,Mar-23,All,7992,8,84,15,6,18,48,85,145,2,463,1
247,Normanton Hospital,Mar-23,1,0,-100,,0,,,,,0,,0,-
247,Normanton Hospital,Mar-23,2,37,-14,95,0,0,62,96,95,0,0,0,1
247,Normanton Hospital,Mar-23,3,235,28,96,0,0,32,96,97,4,2,0,1
247,Normanton Hospital,Mar-23,4,257,-10,100,1,2,13,88,98,2,1,4,1
247,Normanton Hospital,Mar-23,5,115,-74,100,0,3,10,91,98,0,0,3,1
247,Normanton Hospital,Mar-23,All,644,-32,98,0,1,22,94,97,6,1,7,1
249,Mornington Island Hospital,Mar-23,1,2,0,100,0,0,0,,50,1,50,0,-
249,Mornington Island Hospital,Mar-23,2,103,115,92,0,3,15,53,64,8,8,3,1
249,Mornington Island Hospital,Mar-23,3,282,29,94,1,1,8,65,74,16,6,2,1
249,Mornington Island Hospital,Mar-23,4,716,-7,98,2,5,1,70,95,13,2,33,1
249,Mornington Island Hospital,Mar-23,5,119,-69,99,1,8,0,,98,0,0,9,1
249,Mornington Island Hospital,Mar-23,All,1222,-14,97,1,4,4,63,88,38,3,47,1
252,Doomadgee Hospital,Mar-23,1,0,-100,,0,,,,,0,,0,-
252,Doomadgee Hospital,Mar-23,2,62,-26,95,1,0,16,70,61,4,6,0,1
252,Doomadgee Hospital,Mar-23,3,285,-24,92,7,5,10,69,85,12,4,13,1
252,Doomadgee Hospital,Mar-23,4,777,47,96,10,7,2,72,93,4,1,54,1
252,Doomadgee Hospital,Mar-23,5,1060,15,99,11,10,1,57,97,5,0,101,1
252,Doomadgee Hospital,Mar-23,All,2184,15,97,10,8,3,69,93,25,1,168,1
934,Robina Hospital,Mar-23,1,100,15,100,1,0,64,47,45,0,0,0,1
934,Robina Hospital,Mar-23,2,3224,-3,59,9,0,40,38,48,154,5,15,1
934,Robina Hospital,Mar-23,3,8241,1,76,15,4,39,33,44,499,6,307,1
934,Robina Hospital,Mar-23,4,4052,-72,83,19,7,16,33,62,298,7,303,2
934,Robina Hospital,Mar-23,5,384,2,91,19,18,5,37,81,30,8,71,2
934,Robina Hospital,Mar-23,All,16001,-39,75,13,4,33,35,50,981,6,696,1
936,Gold Coast University Hospital,Mar-23,1,516,49,100,1,0,74,49,45,9,2,0,1
936,Gold Coast University Hospital,Mar-23,2,7877,4,53,10,1,43,25,37,278,4,51,1
936,Gold Coast University Hospital,Mar-23,3,14975,3,62,21,3,35,22,39,740,5,520,2
936,Gold Coast University Hospital,Mar-23,4,7509,-61,74,26,7,13,25,61,484,6,496,3
936,Gold Coast University Hospital,Mar-23,5,541,35,88,24,14,4,48,76,29,5,77,3
936,Gold Coast University Hospital,Mar-23,All,31418,-26,64,17,4,32,24,45,1540,5,1144,2
99999,QUEENSLAND,Mar-23,1,4486,14,100,0,0,73,45,47,53,1,0,1
99999,QUEENSLAND,Mar-23,2,95048,8,66,8,0,52,42,49,2744,3,365,1
99999,QUEENSLAND,Mar-23,3,237472,9,65,19,3,36,36,52,12717,5,6160,2
99999,QUEENSLAND,Mar-23,4,185889,-3,77,23,5,12,41,75,8222,4,9906,3
99999,QUEENSLAND,Mar-23,5,48429,-27,93,17,7,4,65,91,1046,2,3336,2
99999,QUEENSLAND,Mar-23,All,571324,1,71,16,3,29,39,62,24782,4,19767,1
